detector type,Keypoint detection time(ms),total keypoints,descriptor type,descriptor time taken(ms),matcher type,selector type,Matcher time taken(ms),No of matched points,TTC Lidar,matched points in currBB,TTC Camera,

HARRIS,25.6886,299,FREAK,48.7806,NA,NA,NA,NA,NA,NA,NA
HARRIS,34.4436,820,FREAK,51.0438,MAT_BF,SEL_KNN,14.2031,37,12.5156,4,nan,
HARRIS,26.8961,319,FREAK,49.5354,MAT_BF,SEL_KNN,16.8511,153,12.6142,8,nan,
HARRIS,30.0347,583,FREAK,50.6565,MAT_BF,SEL_KNN,10.5554,54,14.091,8,10.7715,
HARRIS,39.6268,940,FREAK,51.5104,MAT_BF,SEL_KNN,33.6096,71,16.6894,5,nan,
HARRIS,38.7222,913,FREAK,52.9856,MAT_BF,SEL_KNN,46.907,154,15.7466,12,11.1356,
HARRIS,42.1232,1008,FREAK,54.321,MAT_BF,SEL_KNN,49.7776,130,12.7834,10,nan,
HARRIS,45.2057,1149,FREAK,54.3427,MAT_BF,SEL_KNN,63.7204,143,11.9844,21,11.1055,
HARRIS,32.3372,677,FREAK,51.3309,MAT_BF,SEL_KNN,44.0889,149,13.1241,19,10.2239,
HARRIS,25.7716,364,FREAK,48.3645,MAT_BF,SEL_KNN,15.1326,111,13.0241,8,nan,
HARRIS,41.922,1028,FREAK,52.5342,MAT_BF,SEL_KNN,22.0246,57,11.1746,10,nan,
HARRIS,27.9721,466,FREAK,50.188,MAT_BF,SEL_KNN,28.3367,183,12.8086,21,10.3736,
HARRIS,29.8321,581,FREAK,51.3635,MAT_BF,SEL_KNN,15.624,101,8.95978,4,nan,
HARRIS,31.8621,634,FREAK,50.4842,MAT_BF,SEL_KNN,20.4807,133,9.96439,19,11.426,
HARRIS,27.2593,443,FREAK,49.2264,MAT_BF,SEL_KNN,17.5483,104,9.59863,11,nan,
HARRIS,44.7858,1082,FREAK,53.3478,MAT_BF,SEL_KNN,29.3194,80,8.52157,10,nan,
HARRIS,36.6092,817,FREAK,53.2659,MAT_BF,SEL_KNN,51.11,185,9.51556,16,11.7931,
HARRIS,26.3861,340,FREAK,49.4683,MAT_BF,SEL_KNN,16.8183,127,9.61238,10,nan,
HARRIS,25.6068,433,FREAK,49.5067,MAT_BF,SEL_KNN,8.0354,62,8.3988,10,12.5217,
HARRIS,24.9862,299,BRIEF,2.10689,
HARRIS,34.4393,820,BRIEF,3.22906,MAT_BF,SEL_KNN,7.07865,54,12.5156,5,nan,
HARRIS,25.8113,319,BRIEF,1.77719,MAT_BF,SEL_KNN,7.7997,229,12.6142,11,34.1514,
HARRIS,29.9719,583,BRIEF,2.63207,MAT_BF,SEL_KNN,5.41482,86,14.091,12,-151.386,
HARRIS,39.4562,940,BRIEF,3.49259,MAT_BF,SEL_KNN,17.6128,114,16.6894,10,nan,
HARRIS,38.4411,913,BRIEF,3.58393,MAT_BF,SEL_KNN,24.6449,187,15.7466,15,16.6076,
HARRIS,41.1965,1008,BRIEF,3.9493,MAT_BF,SEL_KNN,26.6653,189,12.7834,29,17.7482,
HARRIS,47.7232,1149,BRIEF,6.80941,MAT_BF,SEL_KNN,33.8327,207,11.9844,32,12.3971,
HARRIS,32.045,677,BRIEF,2.87198,MAT_BF,SEL_KNN,24.3501,276,13.1241,34,12.3725,
HARRIS,25.5464,364,BRIEF,1.91556,MAT_BF,SEL_KNN,7.19723,165,13.0241,14,2.47665,
HARRIS,43.1166,1028,BRIEF,4.16003,MAT_BF,SEL_KNN,13.5043,87,11.1746,14,-inf,
HARRIS,27.5823,466,BRIEF,2.30686,MAT_BF,SEL_KNN,13.7619,218,12.8086,13,11.8135,
HARRIS,29.9574,581,BRIEF,2.51466,MAT_BF,SEL_KNN,7.82632,115,8.95978,6,11.414,
HARRIS,31.2522,634,BRIEF,2.74942,MAT_BF,SEL_KNN,10.6703,168,9.96439,31,13.301,
HARRIS,27.7897,443,BRIEF,2.22104,MAT_BF,SEL_KNN,8.39751,183,9.59863,26,nan,
HARRIS,44.9538,1082,BRIEF,4.3454,MAT_BF,SEL_KNN,16.3281,102,8.52157,24,nan,
HARRIS,36.0127,817,BRIEF,3.34218,MAT_BF,SEL_KNN,27.096,226,9.51556,22,10.0437,
HARRIS,25.7642,340,BRIEF,2.09805,MAT_BF,SEL_KNN,7.99393,208,9.61238,8,nan,
HARRIS,26.699,433,BRIEF,1.90173,MAT_BF,SEL_KNN,4.20828,91,8.3988,15,249.395,
HARRIS,25.3985,299,ORB,3.81188,
HARRIS,35.9969,820,ORB,2.43509,MAT_BF,SEL_KNN,6.94693,55,12.5156,4,nan,
HARRIS,24.7819,319,ORB,2.52512,MAT_BF,SEL_KNN,7.6571,220,12.6142,10,19.5571,
HARRIS,29.6623,583,ORB,2.05438,MAT_BF,SEL_KNN,5.05648,87,14.091,10,nan,
HARRIS,39.5266,940,ORB,2.60374,MAT_BF,SEL_KNN,17.4226,101,16.6894,11,39.1628,
HARRIS,38.953,913,ORB,2.53379,MAT_BF,SEL_KNN,26.2105,189,15.7466,18,11.0081,
HARRIS,41.4702,1008,ORB,2.84668,MAT_BF,SEL_KNN,27.358,172,12.7834,18,10.3217,
HARRIS,46.9428,1149,ORB,3.38717,MAT_BF,SEL_KNN,34.981,201,11.9844,26,11.1,
HARRIS,32.1762,677,ORB,2.17618,MAT_BF,SEL_KNN,29.6888,209,13.1241,29,14.7502,
HARRIS,26.2973,364,ORB,1.69728,MAT_BF,SEL_KNN,7.05741,172,13.0241,20,nan,
HARRIS,41.7054,1028,ORB,2.69497,MAT_BF,SEL_KNN,12.7627,58,11.1746,5,nan,
HARRIS,27.9496,466,ORB,1.8661,MAT_BF,SEL_KNN,13.8672,218,12.8086,13,nan,
HARRIS,31.2452,581,ORB,2.11778,MAT_BF,SEL_KNN,7.75858,112,8.95978,9,5.65702,
HARRIS,31.3961,634,ORB,2.06353,MAT_BF,SEL_KNN,10.6024,180,9.96439,26,11.636,
HARRIS,28.0056,443,ORB,1.87837,MAT_BF,SEL_KNN,8.52089,164,9.59863,19,5.25004,
HARRIS,45.3178,1082,ORB,2.82948,MAT_BF,SEL_KNN,16.1471,90,8.52157,19,21.8779,
HARRIS,34.7601,817,ORB,2.45624,MAT_BF,SEL_KNN,25.7445,203,9.51556,10,2.52694,
HARRIS,26.7989,340,ORB,1.69161,MAT_BF,SEL_KNN,8.09321,226,9.61238,19,nan,
HARRIS,26.6401,433,ORB,1.88034,MAT_BF,SEL_KNN,4.26734,99,8.3988,13,23.2992,
HARRIS,26.3419,299,SIFT,31.15,
HARRIS,36.8112,820,SIFT,63.4395,MAT_BF,SEL_KNN,8.44261,43,12.5156,8,nan,
HARRIS,26.1165,319,SIFT,31.7874,MAT_BF,SEL_KNN,8.89658,276,12.6142,17,40.5324,
HARRIS,29.2395,583,SIFT,45.57,MAT_BF,SEL_KNN,8.96285,66,14.091,8,-62.3075,
HARRIS,41.1309,940,SIFT,63.5488,MAT_BF,SEL_KNN,19.5745,116,16.6894,6,-12.3064,
HARRIS,39.122,913,SIFT,65.2007,MAT_BF,SEL_KNN,30.373,202,15.7466,20,21.9148,
HARRIS,43.6706,1008,SIFT,66.3448,MAT_BF,SEL_KNN,32.1628,225,12.7834,22,13.5433,
HARRIS,46.8909,1149,SIFT,73.2875,MAT_BF,SEL_KNN,42.3949,213,11.9844,22,10.9806,
HARRIS,31.8975,677,SIFT,49.8606,MAT_BF,SEL_KNN,25.551,320,13.1241,26,15.3465,
HARRIS,26.9806,364,SIFT,33.697,MAT_BF,SEL_KNN,8.35756,169,13.0241,12,nan,
HARRIS,43.9356,1028,SIFT,67.8188,MAT_BF,SEL_KNN,13.7599,74,11.1746,4,nan,
HARRIS,28.7357,466,SIFT,39.1968,MAT_BF,SEL_KNN,17.8351,298,12.8086,25,nan,
HARRIS,30.5396,581,SIFT,45.718,MAT_BF,SEL_KNN,10.8732,150,8.95978,5,11.414,
HARRIS,31.068,634,SIFT,48.5377,MAT_BF,SEL_KNN,14.2005,188,9.96439,27,13.301,
HARRIS,28.0126,443,SIFT,37.3342,MAT_BF,SEL_KNN,9.1071,215,9.59863,25,-6.00781,
HARRIS,45.5359,1082,SIFT,71.5556,MAT_BF,SEL_KNN,17.6917,97,8.52157,15,nan,
HARRIS,36.6806,817,SIFT,58.3777,MAT_BF,SEL_KNN,31.9676,270,9.51556,13,11.0998,
HARRIS,25.9559,340,SIFT,33.0671,MAT_BF,SEL_KNN,9.33396,258,9.61238,14,nan,
HARRIS,27.6943,433,SIFT,37.2761,MAT_BF,SEL_KNN,5.06746,110,8.3988,17,nan,
HARRIS,26.2779,299,BRISK,4.14793,
HARRIS,35.8533,820,BRISK,9.2804,MAT_BF,SEL_KNN,15.0848,38,12.5156,2,nan,
HARRIS,26.2783,319,BRISK,4.0696,MAT_BF,SEL_KNN,16.3227,166,12.6142,13,19.5571,
HARRIS,31.1664,583,BRISK,6.77557,MAT_BF,SEL_KNN,12.0911,74,14.091,9,10.7715,
HARRIS,39.9829,940,BRISK,10.2822,MAT_BF,SEL_KNN,34.4754,88,16.6894,10,nan,
HARRIS,39.6759,913,BRISK,9.95005,MAT_BF,SEL_KNN,51.7591,161,15.7466,17,13.4193,
HARRIS,41.9208,1008,BRISK,10.173,MAT_BF,SEL_KNN,52.0257,147,12.7834,16,14.1237,
HARRIS,47.0579,1149,BRISK,11.825,MAT_BF,SEL_KNN,65.7252,156,11.9844,16,10.965,
HARRIS,31.6585,677,BRISK,7.59173,MAT_BF,SEL_KNN,46.0897,194,13.1241,22,12.3725,
HARRIS,26.411,364,BRISK,4.2174,MAT_BF,SEL_KNN,14.5366,142,13.0241,13,nan,
HARRIS,42.6601,1028,BRISK,11.1816,MAT_BF,SEL_KNN,22.6843,69,11.1746,3,nan,
HARRIS,28.5489,466,BRISK,5.65993,MAT_BF,SEL_KNN,33.6356,211,12.8086,17,12.4205,
HARRIS,31.0885,581,BRISK,6.79533,MAT_BF,SEL_KNN,16.2485,119,8.95978,8,nan,
HARRIS,30.836,634,BRISK,7.32264,MAT_BF,SEL_KNN,21.8761,147,9.96439,20,11.768,
HARRIS,26.6882,443,BRISK,5.54348,MAT_BF,SEL_KNN,17.764,128,9.59863,16,nan,
HARRIS,45.2246,1082,BRISK,11.5181,MAT_BF,SEL_KNN,33.459,78,8.52157,12,10.6327,
HARRIS,36.1166,817,BRISK,8.63565,MAT_BF,SEL_KNN,52.4124,213,9.51556,18,8.36478,
HARRIS,25.5479,340,BRISK,4.1404,MAT_BF,SEL_KNN,16.6186,175,9.61238,13,nan,
HARRIS,25.7951,433,BRISK,5.11991,MAT_BF,SEL_KNN,8.13939,86,8.3988,13,12.2131,
SIFT,114.45,1890,FREAK,58.2693,
SIFT,121.084,1915,FREAK,62.836,MAT_BF,SEL_KNN,170.61,430,12.5156,46,11.1369,
SIFT,116.057,1824,FREAK,59.3172,MAT_BF,SEL_KNN,159.336,428,12.6142,45,12.9029,
SIFT,124.246,1837,FREAK,61.2787,MAT_BF,SEL_KNN,159.787,437,14.091,54,14.2109,
SIFT,115.12,1828,FREAK,58.7274,MAT_BF,SEL_KNN,156.002,446,16.6894,53,18.4778,
SIFT,114.903,1875,FREAK,59.4417,MAT_BF,SEL_KNN,159.125,454,15.7466,42,15.734,
SIFT,115.55,1931,FREAK,59.8887,MAT_BF,SEL_KNN,171.067,439,12.7834,50,11.7208,
SIFT,118.87,1963,FREAK,59.7448,MAT_BF,SEL_KNN,169.241,440,11.9844,53,15.4365,
SIFT,117.921,1954,FREAK,60.5767,MAT_BF,SEL_KNN,176.737,468,13.1241,54,15.5756,
SIFT,120.177,1983,FREAK,62.7485,MAT_BF,SEL_KNN,179.576,467,13.0241,52,13.2745,
SIFT,118.371,2043,FREAK,60.8273,MAT_BF,SEL_KNN,183.268,448,11.1746,53,11.3657,
SIFT,120.759,2065,FREAK,61.883,MAT_BF,SEL_KNN,193.701,447,12.8086,35,14.3756,
SIFT,119.646,2007,FREAK,60.2176,MAT_BF,SEL_KNN,197.995,471,8.95978,43,10.6798,
SIFT,116.076,2030,FREAK,59.8817,MAT_BF,SEL_KNN,185.727,456,9.96439,38,9.2886,
SIFT,116.945,2048,FREAK,59.5467,MAT_BF,SEL_KNN,192.296,464,9.59863,38,10.8718,
SIFT,119.489,2044,FREAK,61.454,MAT_BF,SEL_KNN,192.353,483,8.52157,46,9.43476,
SIFT,121.114,2086,FREAK,63.8347,MAT_BF,SEL_KNN,202.477,493,9.51556,51,8.53375,
SIFT,120.797,2093,FREAK,63.5095,MAT_BF,SEL_KNN,201.043,530,9.61238,41,9.36457,
SIFT,122.407,2159,FREAK,62.0347,MAT_BF,SEL_KNN,210.821,516,8.3988,42,9.54427,
SIFT,120.768,1890,BRIEF,7.30727,
SIFT,117.124,1915,BRIEF,6.67723,MAT_BF,SEL_KNN,90.5296,670,12.5156,56,12.0019,
SIFT,118.591,1824,BRIEF,7.12918,MAT_BF,SEL_KNN,88.2244,658,12.6142,62,14.8377,
SIFT,119.65,1837,BRIEF,6.74245,MAT_BF,SEL_KNN,84.0865,670,14.091,67,15.3619,
SIFT,117.46,1828,BRIEF,6.87542,MAT_BF,SEL_KNN,87.5403,661,16.6894,69,22.2997,
SIFT,118.828,1875,BRIEF,6.87447,MAT_BF,SEL_KNN,96.5014,617,15.7466,61,15.0725,
SIFT,120.986,1931,BRIEF,7.24577,MAT_BF,SEL_KNN,90.9972,630,12.7834,74,12.6006,
SIFT,121.507,1963,BRIEF,7.33268,MAT_BF,SEL_KNN,92.3566,673,11.9844,78,14.9089,
SIFT,119.411,1954,BRIEF,7.15387,MAT_BF,SEL_KNN,93.5666,639,13.1241,77,15.8058,
SIFT,122.945,1983,BRIEF,6.78858,MAT_BF,SEL_KNN,92.6123,648,13.0241,82,12.1096,
SIFT,131.742,2043,BRIEF,7.16553,MAT_BF,SEL_KNN,97.5577,654,11.1746,57,11.2531,
SIFT,118.432,2065,BRIEF,7.61296,MAT_BF,SEL_KNN,100.532,679,12.8086,60,11.9296,
SIFT,120.918,2007,BRIEF,7.08786,MAT_BF,SEL_KNN,101.042,672,8.95978,65,11.433,
SIFT,120.989,2030,BRIEF,7.92167,MAT_BF,SEL_KNN,99.2012,655,9.96439,66,9.27531,
SIFT,121.215,2048,BRIEF,7.36513,MAT_BF,SEL_KNN,100.424,736,9.59863,66,10.2517,
SIFT,120.595,2044,BRIEF,7.18701,MAT_BF,SEL_KNN,103.523,724,8.52157,61,9.28974,
SIFT,120.161,2086,BRIEF,7.55575,MAT_BF,SEL_KNN,101.178,709,9.51556,67,8.65329,
SIFT,118.949,2093,BRIEF,7.20908,MAT_BF,SEL_KNN,105.648,724,9.61238,51,8.96247,
SIFT,126.205,2159,BRIEF,7.28639,MAT_BF,SEL_KNN,109.542,735,8.3988,50,9.42847,
SIFT,117.964,1890,SIFT,149.87,
SIFT,120.252,1915,SIFT,146.064,MAT_BF,SEL_KNN,120.882,1030,12.5156,84,11.3857,
SIFT,118.716,1824,SIFT,141.964,MAT_BF,SEL_KNN,117.92,987,12.6142,81,12.5728,
SIFT,116.546,1837,SIFT,141.978,MAT_BF,SEL_KNN,111.627,972,14.091,94,12.942,
SIFT,117.223,1828,SIFT,142.977,MAT_BF,SEL_KNN,114.071,964,16.6894,86,18.8185,
SIFT,115.17,1875,SIFT,141.676,MAT_BF,SEL_KNN,115.396,988,15.7466,82,12.4788,
SIFT,118.697,1931,SIFT,145.288,MAT_BF,SEL_KNN,121.252,967,12.7834,90,11.2969,
SIFT,119.513,1963,SIFT,145.865,MAT_BF,SEL_KNN,120.827,1011,11.9844,101,13.5735,
SIFT,125.65,1954,SIFT,146.12,MAT_BF,SEL_KNN,131.285,1036,13.1241,99,14.6941,
SIFT,121.387,1983,SIFT,145.103,MAT_BF,SEL_KNN,131.892,1008,13.0241,106,12.9664,
SIFT,121.387,2043,SIFT,150.143,MAT_BF,SEL_KNN,138.554,1003,11.1746,87,10.5695,
SIFT,120.072,2065,SIFT,152.953,MAT_BF,SEL_KNN,139.075,1084,12.8086,87,11.2887,
SIFT,115.773,2007,SIFT,145.659,MAT_BF,SEL_KNN,138.886,1060,8.95978,92,11.0196,
SIFT,118.578,2030,SIFT,147.255,MAT_BF,SEL_KNN,138.085,1107,9.96439,95,9.24521,
SIFT,121.084,2048,SIFT,151.143,MAT_BF,SEL_KNN,140.989,1125,9.59863,90,10.5761,
SIFT,123.751,2044,SIFT,150.453,MAT_BF,SEL_KNN,143.444,1107,8.52157,94,9.77498,
SIFT,117.275,2086,SIFT,145.076,MAT_BF,SEL_KNN,138.173,1173,9.51556,92,9.05262,
SIFT,121.443,2093,SIFT,151.224,MAT_BF,SEL_KNN,147.318,1183,9.61238,79,8.69158,
SIFT,119.951,2159,SIFT,159.533,MAT_BF,SEL_KNN,154.594,1158,8.3988,81,8.92371,
SIFT,115.7,1890,BRISK,18.9592,
SIFT,118.326,1915,BRISK,19.3857,MAT_BF,SEL_KNN,188.198,633,12.5156,55,11.7937,
SIFT,122.021,1824,BRISK,18.9926,MAT_BF,SEL_KNN,181.694,620,12.6142,58,13.696,
SIFT,118.702,1837,BRISK,19.1778,MAT_BF,SEL_KNN,180.485,634,14.091,77,13.674,
SIFT,116.108,1828,BRISK,19.1653,MAT_BF,SEL_KNN,176.974,593,16.6894,66,20.5542,
SIFT,125.1,1875,BRISK,19.357,MAT_BF,SEL_KNN,181.891,633,15.7466,55,15.5406,
SIFT,118.847,1931,BRISK,19.0883,MAT_BF,SEL_KNN,181.871,600,12.7834,66,10.7762,
SIFT,116.802,1963,BRISK,19.4124,MAT_BF,SEL_KNN,193.738,632,11.9844,74,15.7134,
SIFT,119.306,1954,BRISK,19.4809,MAT_BF,SEL_KNN,197.218,618,13.1241,76,15.2157,
SIFT,116.971,1983,BRISK,19.1547,MAT_BF,SEL_KNN,199.77,599,13.0241,73,13.647,
SIFT,117.01,2043,BRISK,20.8362,MAT_BF,SEL_KNN,206.746,625,11.1746,62,11.3858,
SIFT,138.404,2065,BRISK,20.5167,MAT_BF,SEL_KNN,214.036,620,12.8086,56,12.9654,
SIFT,136.973,2007,BRISK,20.7027,MAT_BF,SEL_KNN,212.487,629,8.95978,58,10.3343,
SIFT,146.9,2030,BRISK,21.0459,MAT_BF,SEL_KNN,215.074,638,9.96439,61,10.0189,
SIFT,145.291,2048,BRISK,20.8079,MAT_BF,SEL_KNN,218.803,688,9.59863,68,9.15168,
SIFT,155.126,2044,BRISK,20.6604,MAT_BF,SEL_KNN,219.268,699,8.52157,58,9.42509,
SIFT,122.2,2086,BRISK,21.2576,MAT_BF,SEL_KNN,221.491,708,9.51556,67,9.0902,
SIFT,118.616,2093,BRISK,20.8896,MAT_BF,SEL_KNN,225.735,753,9.61238,54,9.49963,
SIFT,121.343,2159,BRISK,21.9079,MAT_BF,SEL_KNN,236.816,715,8.3988,52,9.36821,
FAST,2.78212,5275,FREAK,82.7776,
FAST,2.96129,5291,FREAK,84.7421,MAT_BF,SEL_KNN,1269.38,1198,12.5156,68,11.9423,
FAST,2.75546,5202,FREAK,82.036,MAT_BF,SEL_KNN,1262.66,1226,12.6142,86,13.1478,
FAST,2.39992,5090,FREAK,84.2784,MAT_BF,SEL_KNN,1225.81,1192,14.091,77,12.1418,
FAST,2.60375,5118,FREAK,82.7043,MAT_BF,SEL_KNN,1215.28,1168,16.6894,89,13.1792,
FAST,3.51697,5180,FREAK,87.7792,MAT_BF,SEL_KNN,1203.01,1236,15.7466,64,12.2073,
FAST,3.50052,5192,FREAK,83.0107,MAT_BF,SEL_KNN,1226.64,1121,12.7834,79,11.8781,
FAST,3.01323,5177,FREAK,84.116,MAT_BF,SEL_KNN,1192.25,1073,11.9844,94,13.1121,
FAST,2.638,5176,FREAK,83.3646,MAT_BF,SEL_KNN,1194.6,1213,13.1241,82,12.7075,
FAST,2.93346,5225,FREAK,83.2316,MAT_BF,SEL_KNN,1212.81,1124,13.0241,105,13.2171,
FAST,3.02399,5331,FREAK,81.4237,MAT_BF,SEL_KNN,1262.6,1085,11.1746,105,13.5653,
FAST,2.74948,5351,FREAK,86.2426,MAT_BF,SEL_KNN,1300.32,1236,12.8086,105,12.1019,
FAST,3.02141,5244,FREAK,84.9125,MAT_BF,SEL_KNN,1273.12,1204,8.95978,108,12.4316,
FAST,2.80255,5231,FREAK,84.5647,MAT_BF,SEL_KNN,1226.22,1149,9.96439,128,11.4559,
FAST,2.90065,5286,FREAK,82.1953,MAT_BF,SEL_KNN,1224.55,1174,9.59863,111,11.6347,
FAST,2.97613,5464,FREAK,83.4881,MAT_BF,SEL_KNN,1271.5,1257,8.52157,102,9.90101,
FAST,2.91356,5464,FREAK,84.9907,MAT_BF,SEL_KNN,1352.14,1315,9.51556,113,10.614,
FAST,2.69696,5563,FREAK,83.8687,MAT_BF,SEL_KNN,1353.34,1301,9.61238,93,11.0927,
FAST,2.79676,5497,FREAK,85.6118,MAT_BF,SEL_KNN,1346.86,1334,8.3988,76,10.9713,
FAST,2.9362,5275,BRIEF,15.6122,
FAST,2.96915,5291,BRIEF,16.5699,MAT_BF,SEL_KNN,633.772,2139,12.5156,146,11.3538,
FAST,3.02804,5202,BRIEF,15.1358,MAT_BF,SEL_KNN,619.291,2122,12.6142,160,12.8595,
FAST,3.40118,5090,BRIEF,16.6949,MAT_BF,SEL_KNN,618.323,2128,14.091,158,13.0226,
FAST,2.53452,5118,BRIEF,15.4728,MAT_BF,SEL_KNN,608.431,2070,16.6894,154,12.5592,
FAST,2.85056,5180,BRIEF,15.6512,MAT_BF,SEL_KNN,610.303,2150,15.7466,140,13.3459,
FAST,2.93872,5192,BRIEF,15.7316,MAT_BF,SEL_KNN,613.349,2060,12.7834,143,13.3206,
FAST,3.58323,5177,BRIEF,24.2329,MAT_BF,SEL_KNN,591.556,2010,11.9844,150,13.2219,
FAST,3.14161,5176,BRIEF,16.601,MAT_BF,SEL_KNN,592.851,2032,13.1241,153,12.6332,
FAST,2.52668,5225,BRIEF,16.549,MAT_BF,SEL_KNN,603.824,2030,13.0241,156,13.4473,
FAST,2.67935,5331,BRIEF,16.4295,MAT_BF,SEL_KNN,622.647,2016,11.1746,162,12.9,
FAST,2.68766,5351,BRIEF,15.7677,MAT_BF,SEL_KNN,641.564,2104,12.8086,161,12.2451,
FAST,2.77052,5244,BRIEF,16.2179,MAT_BF,SEL_KNN,622.955,2161,8.95978,177,11.9536,
FAST,2.72956,5231,BRIEF,15.6576,MAT_BF,SEL_KNN,612.356,2102,9.96439,195,11.3176,
FAST,2.69164,5286,BRIEF,16.6466,MAT_BF,SEL_KNN,621.141,2211,9.59863,179,10.3028,
FAST,2.70507,5464,BRIEF,17.5719,MAT_BF,SEL_KNN,639.688,2222,8.52157,187,11.5459,
FAST,2.71028,5464,BRIEF,16.6504,MAT_BF,SEL_KNN,656.96,2278,9.51556,174,10.4194,
FAST,2.64554,5563,BRIEF,18.4127,MAT_BF,SEL_KNN,663.472,2314,9.61238,146,9.0526,
FAST,2.58356,5497,BRIEF,16.462,MAT_BF,SEL_KNN,668.35,2372,8.3988,164,11.414,
FAST,2.64868,5275,ORB,9.16201,
FAST,2.65414,5291,ORB,9.17272,MAT_BF,SEL_KNN,624.544,1792,12.5156,116,11.9559,
FAST,2.63646,5202,ORB,9.2202,MAT_BF,SEL_KNN,616.013,1794,12.6142,122,12.1902,
FAST,2.59798,5090,ORB,9.20103,MAT_BF,SEL_KNN,600.721,1777,14.091,127,15.8384,
FAST,2.61038,5118,ORB,8.67836,MAT_BF,SEL_KNN,595.923,1724,16.6894,143,11.8032,
FAST,2.60756,5180,ORB,8.966,MAT_BF,SEL_KNN,586.637,1792,15.7466,123,13.9505,
FAST,2.77409,5192,ORB,8.88177,MAT_BF,SEL_KNN,573.427,1806,12.7834,132,12.7674,
FAST,2.52577,5177,ORB,8.58226,MAT_BF,SEL_KNN,572.084,1668,11.9844,140,12.17,
FAST,2.65667,5176,ORB,8.99205,MAT_BF,SEL_KNN,566.736,1796,13.1241,152,12.2282,
FAST,2.7617,5225,ORB,9.06476,MAT_BF,SEL_KNN,580.464,1745,13.0241,153,12.5101,
FAST,2.91718,5331,ORB,8.6933,MAT_BF,SEL_KNN,594.128,1735,11.1746,156,13.0553,
FAST,2.73895,5351,ORB,9.20749,MAT_BF,SEL_KNN,610.624,1782,12.8086,144,12.012,
FAST,2.82363,5244,ORB,8.87272,MAT_BF,SEL_KNN,606.275,1828,8.95978,146,12.3317,
FAST,2.6592,5231,ORB,9.1947,MAT_BF,SEL_KNN,579.729,1759,9.96439,172,11.7672,
FAST,2.5003,5286,ORB,8.96334,MAT_BF,SEL_KNN,574.656,1815,9.59863,169,10.9512,
FAST,2.72799,5464,ORB,9.23535,MAT_BF,SEL_KNN,615.201,1910,8.52157,156,11.1626,
FAST,2.72739,5464,ORB,9.33801,MAT_BF,SEL_KNN,635.001,1986,9.51556,163,10.8587,
FAST,2.87705,5563,ORB,9.1534,MAT_BF,SEL_KNN,634.536,1974,9.61238,135,10.5924,
FAST,2.86956,5497,ORB,9.05296,MAT_BF,SEL_KNN,646.641,1996,8.3988,126,11.2246,
FAST,2.91281,5275,SIFT,377.519,
FAST,2.51042,5291,SIFT,380.364,MAT_BF,SEL_KNN,899.991,3457,12.5156,201,12.2996,
FAST,2.84502,5202,SIFT,369.857,MAT_BF,SEL_KNN,876.65,3422,12.6142,211,11.4218,
FAST,2.63937,5090,SIFT,359.384,MAT_BF,SEL_KNN,854.888,3313,14.091,212,14.7363,
FAST,2.42635,5118,SIFT,363.994,MAT_BF,SEL_KNN,858.746,3308,16.6894,204,13.409,
FAST,2.63448,5180,SIFT,365.841,MAT_BF,SEL_KNN,864.28,3376,15.7466,202,14.7398,
FAST,2.5797,5192,SIFT,372.303,MAT_BF,SEL_KNN,876.737,3412,12.7834,207,12.9957,
FAST,2.51526,5177,SIFT,368.122,MAT_BF,SEL_KNN,867.774,3330,11.9844,224,12.9542,
FAST,2.61105,5176,SIFT,394.68,MAT_BF,SEL_KNN,873.879,3343,13.1241,210,12.9986,
FAST,2.57536,5225,SIFT,371.69,MAT_BF,SEL_KNN,871.133,3357,13.0241,218,12.5097,
FAST,2.96822,5331,SIFT,377.275,MAT_BF,SEL_KNN,920.158,3394,11.1746,234,12.8364,
FAST,2.52474,5351,SIFT,382.463,MAT_BF,SEL_KNN,914.567,3337,12.8086,226,11.7541,
FAST,2.64846,5244,SIFT,380.815,MAT_BF,SEL_KNN,923.309,3389,8.95978,225,11.3432,
FAST,2.64776,5231,SIFT,375.584,MAT_BF,SEL_KNN,892.912,3356,9.96439,254,11.7596,
FAST,2.48432,5286,SIFT,375.92,MAT_BF,SEL_KNN,896.392,3477,9.59863,231,11.2818,
FAST,2.47019,5464,SIFT,383.731,MAT_BF,SEL_KNN,918.614,3543,8.52157,234,11.1687,
FAST,2.4824,5464,SIFT,443.942,MAT_BF,SEL_KNN,956.937,3627,9.51556,235,10.5155,
FAST,2.65946,5563,SIFT,394.597,MAT_BF,SEL_KNN,981.429,3627,9.61238,231,9.62546,
FAST,2.68616,5497,SIFT,386.66,MAT_BF,SEL_KNN,967.734,3733,8.3988,228,10.7261,
FAST,2.63405,5275,BRISK,51.3989,
FAST,2.57742,5291,BRISK,51.9855,MAT_BF,SEL_KNN,1406.51,1596,12.5156,107,12.886,
FAST,2.7653,5202,BRISK,51.248,MAT_BF,SEL_KNN,1398.1,1564,12.6142,110,12.1206,
FAST,2.37451,5090,BRISK,48.169,MAT_BF,SEL_KNN,1332,1563,14.091,116,13.3361,
FAST,2.37935,5118,BRISK,49.7049,MAT_BF,SEL_KNN,1317.75,1467,16.6894,118,12.602,
FAST,2.59782,5180,BRISK,52.0242,MAT_BF,SEL_KNN,1329.64,1589,15.7466,99,13.0881,
FAST,2.52655,5192,BRISK,49.126,MAT_BF,SEL_KNN,1330.73,1505,12.7834,112,13.3538,
FAST,2.58754,5177,BRISK,50.7689,MAT_BF,SEL_KNN,1333.24,1393,11.9844,129,13.3261,
FAST,2.62268,5176,BRISK,48.7711,MAT_BF,SEL_KNN,1321.56,1514,13.1241,109,11.9215,
FAST,2.57204,5225,BRISK,49.2044,MAT_BF,SEL_KNN,1351.69,1446,13.0241,128,12.6032,
FAST,2.60047,5331,BRISK,52.014,MAT_BF,SEL_KNN,1369,1424,11.1746,138,13.0553,
FAST,2.51426,5351,BRISK,50.6708,MAT_BF,SEL_KNN,1402.22,1516,12.8086,119,11.4696,
FAST,2.59791,5244,BRISK,51.8529,MAT_BF,SEL_KNN,1400.74,1499,8.95978,148,12.6115,
FAST,2.71373,5231,BRISK,51.2328,MAT_BF,SEL_KNN,1358.72,1475,9.96439,150,11.8426,
FAST,3.00922,5286,BRISK,51.8529,MAT_BF,SEL_KNN,1370.32,1530,9.59863,159,11.6986,
FAST,6.34931,5464,BRISK,53.4274,MAT_BF,SEL_KNN,1441.89,1658,8.52157,141,11.0468,
FAST,2.6182,5464,BRISK,53.033,MAT_BF,SEL_KNN,1498.9,1741,9.51556,140,11.7153,
FAST,2.71172,5563,BRISK,54.3003,MAT_BF,SEL_KNN,1522.4,1834,9.61238,128,10.6011,
FAST,2.64062,5497,BRISK,53.6078,MAT_BF,SEL_KNN,1551.56,1749,8.3988,121,11.3371,
BRISK,47.8424,2896,FREAK,67.0616,
BRISK,45.9035,3000,FREAK,67.2826,MAT_BF,SEL_KNN,334.755,907,12.5156,72,13.0472,
BRISK,44.0802,2974,FREAK,67.275,MAT_BF,SEL_KNN,347.455,922,12.6142,92,21.7152,
BRISK,44.7684,2953,FREAK,66.7606,MAT_BF,SEL_KNN,348.338,960,14.091,99,12.8237,
BRISK,43.4451,2855,FREAK,65.7205,MAT_BF,SEL_KNN,334.574,909,16.6894,76,15.0627,
BRISK,45.7445,2906,FREAK,66.9471,MAT_BF,SEL_KNN,336.392,918,15.7466,64,31.8945,
BRISK,46.6202,2886,FREAK,70.0525,MAT_BF,SEL_KNN,343.679,893,12.7834,81,14.8626,
BRISK,44.7283,2886,FREAK,67.6382,MAT_BF,SEL_KNN,331.743,824,11.9844,98,17.2715,
BRISK,44.6965,2893,FREAK,65.3996,MAT_BF,SEL_KNN,329.751,889,13.1241,82,16.2216,
BRISK,46.6469,2930,FREAK,67.9472,MAT_BF,SEL_KNN,332.456,873,13.0241,90,15.6565,
BRISK,48.5827,3022,FREAK,70.3176,MAT_BF,SEL_KNN,345.012,854,11.1746,95,12.2923,
BRISK,47.5296,3013,FREAK,67.7736,MAT_BF,SEL_KNN,337.764,877,12.8086,86,12.7008,
BRISK,46.3587,2949,FREAK,68.1676,MAT_BF,SEL_KNN,338.019,879,8.95978,103,12.402,
BRISK,47.4469,3012,FREAK,67.9634,MAT_BF,SEL_KNN,327.036,864,9.96439,100,11.8439,
BRISK,48.2964,3026,FREAK,68.8824,MAT_BF,SEL_KNN,339.286,876,9.59863,96,11.5357,
BRISK,48.3504,3074,FREAK,67.2598,MAT_BF,SEL_KNN,339.621,943,8.52157,93,13.1804,
BRISK,49.2327,3131,FREAK,69.1074,MAT_BF,SEL_KNN,365.126,900,9.51556,84,10.1386,
BRISK,49.1976,3135,FREAK,68.8467,MAT_BF,SEL_KNN,367.347,1001,9.61238,84,9.85287,
BRISK,50.8897,3146,FREAK,69.4938,MAT_BF,SEL_KNN,375.29,985,8.3988,103,9.93611,
BRISK,44.1769,2896,BRIEF,10.5701,
BRISK,47.189,3000,BRIEF,10.6734,MAT_BF,SEL_KNN,254.703,1168,12.5156,80,13.8976,
BRISK,45.1335,2974,BRIEF,10.3901,MAT_BF,SEL_KNN,259.228,1220,12.6142,91,13.0946,
BRISK,45.2918,2953,BRIEF,11.596,MAT_BF,SEL_KNN,260.451,1285,14.091,116,13.6711,
BRISK,43.8009,2855,BRIEF,9.8509,MAT_BF,SEL_KNN,246.503,1223,16.6894,93,14.6078,
BRISK,45.0018,2906,BRIEF,10.2689,MAT_BF,SEL_KNN,242.373,1232,15.7466,88,13.5831,
BRISK,45.264,2886,BRIEF,9.99014,MAT_BF,SEL_KNN,244.249,1232,12.7834,110,14.9177,
BRISK,47.3539,2886,BRIEF,10.4302,MAT_BF,SEL_KNN,247.967,1213,11.9844,120,13.4611,
BRISK,47.2886,2893,BRIEF,10.4969,MAT_BF,SEL_KNN,241.968,1216,13.1241,102,16.8297,
BRISK,46.0389,2930,BRIEF,10.6306,MAT_BF,SEL_KNN,247.323,1251,13.0241,119,15.2453,
BRISK,46.5272,3022,BRIEF,10.3982,MAT_BF,SEL_KNN,254.832,1222,11.1746,103,11.9153,
BRISK,45.9612,3013,BRIEF,9.77106,MAT_BF,SEL_KNN,266.953,1228,12.8086,84,12.2422,
BRISK,46.7912,2949,BRIEF,9.66423,MAT_BF,SEL_KNN,256.203,1247,8.95978,114,12.7471,
BRISK,46.4388,3012,BRIEF,9.51855,MAT_BF,SEL_KNN,253.689,1230,9.96439,116,13.148,
BRISK,46.205,3026,BRIEF,9.62621,MAT_BF,SEL_KNN,262.796,1288,9.59863,120,10.3713,
BRISK,46.8947,3074,BRIEF,9.43043,MAT_BF,SEL_KNN,257.513,1349,8.52157,123,11.8821,
BRISK,49.1867,3131,BRIEF,9.90073,MAT_BF,SEL_KNN,275.307,1274,9.51556,131,12.1509,
BRISK,49.3157,3135,BRIEF,10.0095,MAT_BF,SEL_KNN,279.679,1348,9.61238,123,8.76497,
BRISK,48.8799,3146,BRIEF,10.8112,MAT_BF,SEL_KNN,283.428,1405,8.3988,120,10.7774,
BRISK,44.5763,2896,ORB,6.35934,
BRISK,46.068,3000,ORB,6.8785,MAT_BF,SEL_KNN,252.843,812,12.5156,57,18.7331,
BRISK,44.9401,2974,ORB,6.81259,MAT_BF,SEL_KNN,260.669,869,12.6142,82,22.2756,
BRISK,45.8818,2953,ORB,6.70739,MAT_BF,SEL_KNN,254.797,883,14.091,86,15.1514,
BRISK,44.8148,2855,ORB,6.76523,MAT_BF,SEL_KNN,243.763,828,16.6894,63,16.8692,
BRISK,45.0435,2906,ORB,6.24952,MAT_BF,SEL_KNN,243.04,829,15.7466,58,27.6976,
BRISK,45.5971,2886,ORB,6.6567,MAT_BF,SEL_KNN,238.466,836,12.7834,71,17.6814,
BRISK,44.1346,2886,ORB,6.34001,MAT_BF,SEL_KNN,237.385,807,11.9844,74,13.7289,
BRISK,45.6248,2893,ORB,6.5976,MAT_BF,SEL_KNN,244.441,794,13.1241,66,22.4336,
BRISK,45.1587,2930,ORB,6.82348,MAT_BF,SEL_KNN,243.177,793,13.0241,78,18.553,
BRISK,47.8807,3022,ORB,6.66816,MAT_BF,SEL_KNN,252.329,796,11.1746,89,12.3447,
BRISK,49.702,3013,ORB,6.54462,MAT_BF,SEL_KNN,260.431,832,12.8086,76,14.727,
BRISK,47.0447,2949,ORB,6.63549,MAT_BF,SEL_KNN,254.168,839,8.95978,97,13.0818,
BRISK,47.6365,3012,ORB,6.6134,MAT_BF,SEL_KNN,257.053,832,9.96439,88,11.0666,
BRISK,48.3389,3026,ORB,6.69682,MAT_BF,SEL_KNN,263.139,896,9.59863,98,14.6332,
BRISK,47.8574,3074,ORB,6.78439,MAT_BF,SEL_KNN,263.343,857,8.52157,87,12.2247,
BRISK,50.9559,3131,ORB,6.88507,MAT_BF,SEL_KNN,274.496,869,9.51556,83,11.6645,
BRISK,51.2054,3135,ORB,7.17254,MAT_BF,SEL_KNN,280.4,964,9.61238,85,8.74059,
BRISK,50.3267,3146,ORB,7.01872,MAT_BF,SEL_KNN,283.419,943,8.3988,93,12.3426,
BRISK,45.1677,2896,SIFT,467.371,
BRISK,47.0091,3000,SIFT,478.978,MAT_BF,SEL_KNN,297.968,1740,12.5156,105,12.727,
BRISK,44.743,2974,SIFT,466.242,MAT_BF,SEL_KNN,288.993,1774,12.6142,115,16.4562,
BRISK,43.578,2953,SIFT,463.652,MAT_BF,SEL_KNN,285.01,1780,14.091,137,16.5982,
BRISK,43.2696,2855,SIFT,457.616,MAT_BF,SEL_KNN,272.678,1756,16.6894,112,12.7417,
BRISK,46.178,2906,SIFT,476.473,MAT_BF,SEL_KNN,274.087,1718,15.7466,104,33.7155,
BRISK,45.2492,2886,SIFT,469.433,MAT_BF,SEL_KNN,289.521,1704,12.7834,111,15.387,
BRISK,47.1734,2886,SIFT,468.371,MAT_BF,SEL_KNN,269.612,1698,11.9844,129,13.3823,
BRISK,46.7876,2893,SIFT,458.928,MAT_BF,SEL_KNN,267.336,1669,13.1241,115,15.7781,
BRISK,46.1919,2930,SIFT,459.812,MAT_BF,SEL_KNN,274.635,1682,13.0241,134,15.4538,
BRISK,46.6823,3022,SIFT,467.307,MAT_BF,SEL_KNN,285.134,1712,11.1746,142,14.1023,
BRISK,46.9969,3013,SIFT,461.79,MAT_BF,SEL_KNN,293.012,1751,12.8086,120,14.9556,
BRISK,44.9551,2949,SIFT,450.699,MAT_BF,SEL_KNN,277.875,1716,8.95978,148,10.8758,
BRISK,46.0543,3012,SIFT,463.408,MAT_BF,SEL_KNN,294.74,1773,9.96439,142,13.9024,
BRISK,47.2568,3026,SIFT,464.569,MAT_BF,SEL_KNN,292.176,1715,9.59863,138,10.7668,
BRISK,49.068,3074,SIFT,475.384,MAT_BF,SEL_KNN,301.111,1801,8.52157,142,13.6452,
BRISK,48.924,3131,SIFT,475.911,MAT_BF,SEL_KNN,307.537,1820,9.51556,122,10.6877,
BRISK,50.401,3135,SIFT,496.19,MAT_BF,SEL_KNN,325.113,1872,9.61238,144,10.6205,
BRISK,48.0219,3146,SIFT,487.366,MAT_BF,SEL_KNN,314.778,1897,8.3988,149,12.0657,
BRISK,44.8171,2896,BRISK,30.2016,
BRISK,44.0968,3000,BRISK,31.9234,MAT_BF,SEL_KNN,479.307,1162,12.5156,84,11.9632,
BRISK,43.8855,2974,BRISK,31.8642,MAT_BF,SEL_KNN,505.947,1202,12.6142,108,22.6413,
BRISK,45.1033,2953,BRISK,32.998,MAT_BF,SEL_KNN,504.315,1185,14.091,113,14.5255,
BRISK,44.3981,2855,BRISK,30.5365,MAT_BF,SEL_KNN,461.063,1100,16.6894,90,16.3046,
BRISK,45.5694,2906,BRISK,34.2892,MAT_BF,SEL_KNN,454.511,1133,15.7466,85,27.6679,
BRISK,46.7862,2886,BRISK,29.7628,MAT_BF,SEL_KNN,458.595,1111,12.7834,97,14.6337,
BRISK,46.7927,2886,BRISK,31.3984,MAT_BF,SEL_KNN,466.108,1072,11.9844,111,15.5437,
BRISK,44.361,2893,BRISK,30.9955,MAT_BF,SEL_KNN,469.783,1101,13.1241,96,18.0417,
BRISK,46.8597,2930,BRISK,32.0538,MAT_BF,SEL_KNN,475.009,1085,13.0241,114,14.7708,
BRISK,48.5728,3022,BRISK,34.0798,MAT_BF,SEL_KNN,507.188,1091,11.1746,112,12.4125,
BRISK,47.5667,3013,BRISK,32.7015,MAT_BF,SEL_KNN,500.868,1145,12.8086,108,12.0802,
BRISK,45.1439,2949,BRISK,33.5363,MAT_BF,SEL_KNN,492.146,1164,8.95978,127,11.2959,
BRISK,45.8814,3012,BRISK,32.5229,MAT_BF,SEL_KNN,502.255,1145,9.96439,125,12.6239,
BRISK,48.0023,3026,BRISK,32.1458,MAT_BF,SEL_KNN,505.292,1163,9.59863,117,11.3519,
BRISK,48.9805,3074,BRISK,35.0072,MAT_BF,SEL_KNN,531.407,1242,8.52157,132,12.9792,
BRISK,49.4871,3131,BRISK,33.6419,MAT_BF,SEL_KNN,543.095,1225,9.51556,108,11.0861,
BRISK,50.2704,3135,BRISK,33.6622,MAT_BF,SEL_KNN,546.097,1255,9.61238,123,10.1494,
BRISK,49.4972,3146,BRISK,33.3177,MAT_BF,SEL_KNN,562.701,1332,8.3988,138,12.9238,
SHITOMASI,21.8539,1723,FREAK,62.5442,
SHITOMASI,12.7188,1759,FREAK,61.0657,MAT_BF,SEL_KNN,146.395,476,12.5156,40,13.0861,
SHITOMASI,13.0932,1820,FREAK,60.4859,MAT_BF,SEL_KNN,153.796,531,12.6142,40,12.5676,
SHITOMASI,13.3344,1850,FREAK,64.0006,MAT_BF,SEL_KNN,162.818,541,14.091,32,13.4354,
SHITOMASI,13.4712,1828,FREAK,59.491,MAT_BF,SEL_KNN,160.911,510,16.6894,43,11.6234,
SHITOMASI,12.5246,1806,FREAK,58.6446,MAT_BF,SEL_KNN,155.796,526,15.7466,44,12.5462,
SHITOMASI,12.249,1877,FREAK,59.9936,MAT_BF,SEL_KNN,151.576,493,12.7834,39,13.5639,
SHITOMASI,12.5732,1894,FREAK,58.6212,MAT_BF,SEL_KNN,152.554,485,11.9844,47,12.5185,
SHITOMASI,12.9896,1889,FREAK,59.177,MAT_BF,SEL_KNN,156.618,535,13.1241,52,10.8914,
SHITOMASI,12.8933,1917,FREAK,64.8892,MAT_BF,SEL_KNN,163.936,514,13.0241,44,11.9559,
SHITOMASI,13.2263,1874,FREAK,61.7685,MAT_BF,SEL_KNN,164.964,521,11.1746,47,12.902,
SHITOMASI,12.9889,1912,FREAK,61.9284,MAT_BF,SEL_KNN,164.063,507,12.8086,42,11.1899,
SHITOMASI,12.8604,1930,FREAK,60.3185,MAT_BF,SEL_KNN,169.593,507,8.95978,40,12.9405,
SHITOMASI,12.9461,1881,FREAK,60.3804,MAT_BF,SEL_KNN,167.3,485,9.96439,44,12.5287,
SHITOMASI,12.8608,1886,FREAK,62.9909,MAT_BF,SEL_KNN,162.802,529,9.59863,50,11.9191,
SHITOMASI,12.7721,1957,FREAK,61.4242,MAT_BF,SEL_KNN,169.358,536,8.52157,45,11.1548,
SHITOMASI,12.7035,1888,FREAK,62.5188,MAT_BF,SEL_KNN,166.656,542,9.51556,38,8.38985,
SHITOMASI,12.9642,1919,FREAK,62.9286,MAT_BF,SEL_KNN,169.13,555,9.61238,41,11.8304,
SHITOMASI,12.6855,2057,FREAK,62.016,MAT_BF,SEL_KNN,182.331,547,8.3988,40,7.06356,
SHITOMASI,12.5023,1723,BRIEF,6.11379,
SHITOMASI,12.6864,1759,BRIEF,5.99069,MAT_BF,SEL_KNN,73.2866,803,12.5156,57,14.2952,
SHITOMASI,12.2131,1820,BRIEF,6.3757,MAT_BF,SEL_KNN,79.2565,800,12.6142,65,12.9876,
SHITOMASI,12.8432,1850,BRIEF,6.39776,MAT_BF,SEL_KNN,82.2911,911,14.091,71,10.1673,
SHITOMASI,13.7353,1828,BRIEF,6.62571,MAT_BF,SEL_KNN,83.1463,869,16.6894,66,11.5009,
SHITOMASI,14.0334,1806,BRIEF,9.6599,MAT_BF,SEL_KNN,78.6435,853,15.7466,67,12.3552,
SHITOMASI,15.9861,1877,BRIEF,6.38611,MAT_BF,SEL_KNN,75.7942,851,12.7834,72,14.6109,
SHITOMASI,16.0537,1894,BRIEF,7.16682,MAT_BF,SEL_KNN,79.8042,836,11.9844,78,13.4924,
SHITOMASI,16.438,1889,BRIEF,6.11015,MAT_BF,SEL_KNN,77.1867,879,13.1241,80,12.5881,
SHITOMASI,16.2911,1917,BRIEF,6.73702,MAT_BF,SEL_KNN,82.1681,849,13.0241,66,11.7069,
SHITOMASI,15.7464,1874,BRIEF,6.34595,MAT_BF,SEL_KNN,80.2801,857,11.1746,74,13.4042,
SHITOMASI,16.827,1912,BRIEF,6.22605,MAT_BF,SEL_KNN,78.0271,873,12.8086,63,11.4293,
SHITOMASI,16.4641,1930,BRIEF,6.4606,MAT_BF,SEL_KNN,91.8299,894,8.95978,79,11.2447,
SHITOMASI,16.4749,1881,BRIEF,6.43881,MAT_BF,SEL_KNN,82.2529,910,9.96439,74,12.4169,
SHITOMASI,15.7612,1886,BRIEF,6.05126,MAT_BF,SEL_KNN,82.2522,923,9.59863,79,12.7067,
SHITOMASI,12.9565,1957,BRIEF,10.1422,MAT_BF,SEL_KNN,84.4868,938,8.52157,77,11.9757,
SHITOMASI,12.659,1888,BRIEF,7.908,MAT_BF,SEL_KNN,85.31,910,9.51556,68,12.1502,
SHITOMASI,13.3389,1919,BRIEF,9.80525,MAT_BF,SEL_KNN,83.4294,931,9.61238,64,10.7263,
SHITOMASI,18.6399,2057,BRIEF,6.3103,MAT_BF,SEL_KNN,88.8466,962,8.3988,74,8.38114,
SHITOMASI,15.3288,1723,ORB,3.89284,
SHITOMASI,16.2733,1759,ORB,3.91839,MAT_BF,SEL_KNN,73.718,684,12.5156,59,14.5798,
SHITOMASI,15.5748,1820,ORB,3.67819,MAT_BF,SEL_KNN,76.352,718,12.6142,55,11.9564,
SHITOMASI,16.3624,1850,ORB,3.74205,MAT_BF,SEL_KNN,79.829,741,14.091,57,11.8924,
SHITOMASI,12.1663,1828,ORB,4.36753,MAT_BF,SEL_KNN,77.7196,720,16.6894,61,12.2613,
SHITOMASI,12.979,1806,ORB,3.88809,MAT_BF,SEL_KNN,75.6245,717,15.7466,52,13.0276,
SHITOMASI,13.3691,1877,ORB,6.42154,MAT_BF,SEL_KNN,76.2815,715,12.7834,59,13.4761,
SHITOMASI,16.4264,1894,ORB,3.71574,MAT_BF,SEL_KNN,77.7765,716,11.9844,62,12.5645,
SHITOMASI,15.9627,1889,ORB,3.89402,MAT_BF,SEL_KNN,81.0548,751,13.1241,62,13.4223,
SHITOMASI,16.3676,1917,ORB,4.06841,MAT_BF,SEL_KNN,82.9319,715,13.0241,61,10.6746,
SHITOMASI,12.65,1874,ORB,3.72079,MAT_BF,SEL_KNN,81.3076,692,11.1746,63,13.3212,
SHITOMASI,13.1352,1912,ORB,4.14952,MAT_BF,SEL_KNN,80.2258,750,12.8086,56,11.0036,
SHITOMASI,12.4616,1930,ORB,3.70893,MAT_BF,SEL_KNN,84.971,771,8.95978,68,12.1102,
SHITOMASI,13.8194,1881,ORB,3.72436,MAT_BF,SEL_KNN,82.5195,742,9.96439,69,12.611,
SHITOMASI,13.0036,1886,ORB,3.85066,MAT_BF,SEL_KNN,80.3625,777,9.59863,61,11.545,
SHITOMASI,16.4278,1957,ORB,3.88628,MAT_BF,SEL_KNN,84.7116,764,8.52157,61,9.06495,
SHITOMASI,16.3751,1888,ORB,3.72851,MAT_BF,SEL_KNN,83.4208,762,9.51556,63,12.3255,
SHITOMASI,16.0465,1919,ORB,4.17167,MAT_BF,SEL_KNN,83.6665,765,9.61238,57,8.62254,
SHITOMASI,16.9319,2057,ORB,3.90782,MAT_BF,SEL_KNN,89.2614,832,8.3988,67,8.57717,
SHITOMASI,15.4393,1723,SIFT,58.5705,
SHITOMASI,12.9553,1759,SIFT,58.9442,MAT_BF,SEL_KNN,102.108,1260,12.5156,77,14.2804,
SHITOMASI,12.3961,1820,SIFT,82.8991,MAT_BF,SEL_KNN,108.448,1257,12.6142,86,12.9004,
SHITOMASI,12.3377,1850,SIFT,59.2727,MAT_BF,SEL_KNN,110.634,1321,14.091,88,11.6087,
SHITOMASI,13.1905,1828,SIFT,60.6985,MAT_BF,SEL_KNN,113.907,1344,16.6894,85,12.9162,
SHITOMASI,12.5194,1806,SIFT,59.5555,MAT_BF,SEL_KNN,113.304,1324,15.7466,88,12.1886,
SHITOMASI,13.5829,1877,SIFT,60.694,MAT_BF,SEL_KNN,114.319,1287,12.7834,86,13.0553,
SHITOMASI,13.0586,1894,SIFT,61.0957,MAT_BF,SEL_KNN,121.317,1310,11.9844,93,13.3235,
SHITOMASI,13.2385,1889,SIFT,62.6962,MAT_BF,SEL_KNN,120.005,1337,13.1241,97,12.1376,
SHITOMASI,12.982,1917,SIFT,62.5972,MAT_BF,SEL_KNN,121.023,1334,13.0241,88,11.9899,
SHITOMASI,13.057,1874,SIFT,61.5637,MAT_BF,SEL_KNN,122.96,1324,11.1746,88,13.3599,
SHITOMASI,12.9349,1912,SIFT,61.5944,MAT_BF,SEL_KNN,118.294,1299,12.8086,81,12.0821,
SHITOMASI,12.9348,1930,SIFT,64.2666,MAT_BF,SEL_KNN,125.809,1356,8.95978,94,11.6524,
SHITOMASI,12.8213,1881,SIFT,61.9426,MAT_BF,SEL_KNN,122.889,1372,9.96439,96,11.6194,
SHITOMASI,12.9804,1886,SIFT,61.3371,MAT_BF,SEL_KNN,117.423,1359,9.59863,92,10.9335,
SHITOMASI,13.0631,1957,SIFT,62.2562,MAT_BF,SEL_KNN,121.875,1400,8.52157,90,12.5287,
SHITOMASI,12.9109,1888,SIFT,60.8078,MAT_BF,SEL_KNN,123.663,1425,9.51556,89,11.3027,
SHITOMASI,13.1406,1919,SIFT,62.9902,MAT_BF,SEL_KNN,122.281,1442,9.61238,92,10.7884,
SHITOMASI,13.6429,2057,SIFT,64.0483,MAT_BF,SEL_KNN,148.792,1487,8.3988,96,9.52513,
SHITOMASI,12.6819,1723,BRISK,17.625,
SHITOMASI,12.79,1759,BRISK,18.8658,MAT_BF,SEL_KNN,162.315,577,12.5156,50,12.8228,
SHITOMASI,13.7428,1820,BRISK,19.1526,MAT_BF,SEL_KNN,166.469,568,12.6142,50,12.6968,
SHITOMASI,13.3321,1850,BRISK,19.3763,MAT_BF,SEL_KNN,174.536,618,14.091,42,14.4793,
SHITOMASI,12.852,1828,BRISK,19.6414,MAT_BF,SEL_KNN,177.595,589,16.6894,53,12.7779,
SHITOMASI,12.5847,1806,BRISK,18.4674,MAT_BF,SEL_KNN,167.077,610,15.7466,52,12.2694,
SHITOMASI,13.1285,1877,BRISK,18.8772,MAT_BF,SEL_KNN,169.468,598,12.7834,48,14.0207,
SHITOMASI,12.9123,1894,BRISK,19.8175,MAT_BF,SEL_KNN,175.178,580,11.9844,58,12.7924,
SHITOMASI,13.1209,1889,BRISK,19.4225,MAT_BF,SEL_KNN,179.267,613,13.1241,48,13.2285,
SHITOMASI,12.7395,1917,BRISK,20.2209,MAT_BF,SEL_KNN,181.502,595,13.0241,53,11.7376,
SHITOMASI,13.2241,1874,BRISK,18.8962,MAT_BF,SEL_KNN,181.528,601,11.1746,53,12.0439,
SHITOMASI,14.4179,1912,BRISK,19.8678,MAT_BF,SEL_KNN,176.411,615,12.8086,51,10.9042,
SHITOMASI,12.546,1930,BRISK,19.9258,MAT_BF,SEL_KNN,181.971,621,8.95978,63,11.8481,
SHITOMASI,12.6195,1881,BRISK,18.8402,MAT_BF,SEL_KNN,181.823,636,9.96439,55,13.0323,
SHITOMASI,13.0966,1886,BRISK,19.5412,MAT_BF,SEL_KNN,183.209,646,9.59863,58,11.8438,
SHITOMASI,13.0006,1957,BRISK,19.7972,MAT_BF,SEL_KNN,187.797,656,8.52157,55,9.94433,
SHITOMASI,12.301,1888,BRISK,19.3745,MAT_BF,SEL_KNN,187.331,638,9.51556,48,10.6857,
SHITOMASI,12.8417,1919,BRISK,18.8894,MAT_BF,SEL_KNN,184.394,697,9.61238,54,11.3134,
SHITOMASI,12.8074,2057,BRISK,20.8153,MAT_BF,SEL_KNN,201.322,725,8.3988,55,10.6426,
AKAZE,87.2523,1513,FREAK,57.8773,
AKAZE,75.2414,1541,FREAK,57.6921,MAT_BF,SEL_KNN,134.119,570,12.5156,59,11.9154,
AKAZE,77.9872,1529,FREAK,57.5215,MAT_BF,SEL_KNN,136.173,627,12.6142,59,15.0838,
AKAZE,77.3869,1561,FREAK,57.7829,MAT_BF,SEL_KNN,139.964,620,14.091,65,14.2566,
AKAZE,79.6315,1545,FREAK,57.5951,MAT_BF,SEL_KNN,142.848,601,16.6894,69,14.7102,
AKAZE,79.1005,1526,FREAK,57.1431,MAT_BF,SEL_KNN,137.051,580,15.7466,64,15.1012,
AKAZE,76.8384,1566,FREAK,56.3767,MAT_BF,SEL_KNN,135.012,621,12.7834,70,15.3406,
AKAZE,76.3983,1529,FREAK,58.1053,MAT_BF,SEL_KNN,137.397,627,11.9844,87,16.4926,
AKAZE,78.3836,1547,FREAK,56.1827,MAT_BF,SEL_KNN,134.763,605,13.1241,92,13.1106,
AKAZE,77.9689,1572,FREAK,56.3845,MAT_BF,SEL_KNN,133.894,600,13.0241,76,13.593,
AKAZE,80.2117,1567,FREAK,58.692,MAT_BF,SEL_KNN,144.079,597,11.1746,87,11.9137,
AKAZE,79.149,1538,FREAK,58.8484,MAT_BF,SEL_KNN,141.528,603,12.8086,71,12.1935,
AKAZE,79.5667,1513,FREAK,58.164,MAT_BF,SEL_KNN,136.954,618,8.95978,69,10.5787,
AKAZE,82.8653,1538,FREAK,58.222,MAT_BF,SEL_KNN,134.536,616,9.96439,86,10.9714,
AKAZE,85.9708,1555,FREAK,56.1337,MAT_BF,SEL_KNN,132.247,647,9.59863,81,9.52434,
AKAZE,83.1351,1544,FREAK,58.1967,MAT_BF,SEL_KNN,139.585,664,8.52157,63,9.51456,
AKAZE,85.6305,1563,FREAK,57.0943,MAT_BF,SEL_KNN,137.306,654,9.51556,71,9.6653,
AKAZE,79.4284,1561,FREAK,58.2562,MAT_BF,SEL_KNN,142.345,689,9.61238,72,9.7428,
AKAZE,78.3697,1569,FREAK,57.6041,MAT_BF,SEL_KNN,140.792,660,8.3988,67,9.12703,
AKAZE,85.776,1513,AKAZE,92.8841,
AKAZE,81.4008,1541,AKAZE,89.1987,MAT_BF,SEL_KNN,134.185,966,12.5156,94,12.2487,
AKAZE,76.9324,1529,AKAZE,87.1996,MAT_BF,SEL_KNN,133.341,929,12.6142,96,14.1093,
AKAZE,77.7716,1561,AKAZE,87.8601,MAT_BF,SEL_KNN,134.166,962,14.091,107,12.8635,
AKAZE,80.7734,1545,AKAZE,100.406,MAT_BF,SEL_KNN,137.144,978,16.6894,96,14.0162,
AKAZE,86.7894,1526,AKAZE,87.3418,MAT_BF,SEL_KNN,128.657,952,15.7466,90,15.1593,
AKAZE,78.6114,1566,AKAZE,87.8227,MAT_BF,SEL_KNN,137.545,967,12.7834,91,13.7623,
AKAZE,81.0933,1529,AKAZE,88.2576,MAT_BF,SEL_KNN,135.06,975,11.9844,108,15.2212,
AKAZE,79.8371,1547,AKAZE,89.6911,MAT_BF,SEL_KNN,135.244,976,13.1241,113,14.1023,
AKAZE,76.3189,1572,AKAZE,88.0294,MAT_BF,SEL_KNN,137.014,952,13.0241,108,13.8592,
AKAZE,81.598,1567,AKAZE,89.7609,MAT_BF,SEL_KNN,138.861,985,11.1746,117,11.6151,
AKAZE,78.2977,1538,AKAZE,87.2982,MAT_BF,SEL_KNN,137.303,953,12.8086,107,12.2031,
AKAZE,79.2949,1513,AKAZE,90.1866,MAT_BF,SEL_KNN,129.417,960,8.95978,112,11.4888,
AKAZE,77.9184,1538,AKAZE,87.231,MAT_BF,SEL_KNN,128.782,937,9.96439,106,10.7872,
AKAZE,81.7533,1555,AKAZE,87.6034,MAT_BF,SEL_KNN,134.052,978,9.59863,115,10.5676,
AKAZE,78.5995,1544,AKAZE,88.1043,MAT_BF,SEL_KNN,136.376,974,8.52157,107,10.0101,
AKAZE,79.6273,1563,AKAZE,88.8456,MAT_BF,SEL_KNN,137.142,995,9.51556,112,9.7601,
AKAZE,77.9081,1561,AKAZE,86.6329,MAT_BF,SEL_KNN,137.27,1011,9.61238,102,9.21884,
AKAZE,81.1291,1569,AKAZE,89.4614,MAT_BF,SEL_KNN,137.665,1022,8.3988,106,9.00451,
AKAZE,80.9856,1513,BRIEF,5.90017,
AKAZE,80.6894,1541,BRIEF,5.66033,MAT_BF,SEL_KNN,70.6209,832,12.5156,79,12.5832,
AKAZE,80.3851,1529,BRIEF,5.64567,MAT_BF,SEL_KNN,70.6557,819,12.6142,81,14.8952,
AKAZE,83.7621,1561,BRIEF,5.97213,MAT_BF,SEL_KNN,77.6985,844,14.091,89,13.5944,
AKAZE,82.9652,1545,BRIEF,6.21756,MAT_BF,SEL_KNN,77.1569,817,16.6894,90,14.1511,
AKAZE,83.2497,1526,BRIEF,5.45758,MAT_BF,SEL_KNN,70.926,841,15.7466,88,15.4028,
AKAZE,80.7688,1566,BRIEF,5.87735,MAT_BF,SEL_KNN,77.4894,840,12.7834,87,12.8068,
AKAZE,82.3528,1529,BRIEF,5.76567,MAT_BF,SEL_KNN,72.6575,846,11.9844,99,16.3912,
AKAZE,78.4061,1547,BRIEF,5.98124,MAT_BF,SEL_KNN,72.0586,883,13.1241,99,14.4213,
AKAZE,78.6783,1572,BRIEF,5.77675,MAT_BF,SEL_KNN,73.7005,871,13.0241,103,14.0061,
AKAZE,77.5057,1567,BRIEF,5.97628,MAT_BF,SEL_KNN,78.0276,856,11.1746,95,11.8933,
AKAZE,80.7101,1538,BRIEF,5.92067,MAT_BF,SEL_KNN,72.217,834,12.8086,91,12.5242,
AKAZE,83.1353,1513,BRIEF,5.88096,MAT_BF,SEL_KNN,72.3545,846,8.95978,96,10.2251,
AKAZE,81.6238,1538,BRIEF,5.30485,MAT_BF,SEL_KNN,69.962,883,9.96439,104,10.2528,
AKAZE,80.0939,1555,BRIEF,5.78596,MAT_BF,SEL_KNN,71.7854,889,9.59863,95,10.4786,
AKAZE,93.5295,1544,BRIEF,5.96209,MAT_BF,SEL_KNN,77.3072,901,8.52157,92,9.25159,
AKAZE,82.0325,1563,BRIEF,5.93176,MAT_BF,SEL_KNN,73.1959,897,9.51556,97,10.0024,
AKAZE,77.1707,1561,BRIEF,5.96771,MAT_BF,SEL_KNN,72.4862,896,9.61238,92,9.63699,
AKAZE,77.9125,1569,BRIEF,5.91603,MAT_BF,SEL_KNN,77.6457,967,8.3988,94,9.18666,
AKAZE,81.2321,1513,ORB,4.34744,
AKAZE,80.7323,1541,ORB,4.53518,MAT_BF,SEL_KNN,71.9614,564,12.5156,49,12.2644,
AKAZE,81.7855,1529,ORB,4.50134,MAT_BF,SEL_KNN,72.1178,577,12.6142,62,14.7738,
AKAZE,83.3814,1561,ORB,4.301,MAT_BF,SEL_KNN,71.7995,552,14.091,56,13.446,
AKAZE,79.6137,1545,ORB,4.43898,MAT_BF,SEL_KNN,73.8837,579,16.6894,66,14.1762,
AKAZE,79.4913,1526,ORB,4.39646,MAT_BF,SEL_KNN,71.2407,576,15.7466,53,14.2472,
AKAZE,79.3395,1566,ORB,4.43027,MAT_BF,SEL_KNN,72.4604,567,12.7834,59,14.4456,
AKAZE,83.1067,1529,ORB,4.28666,MAT_BF,SEL_KNN,71.3925,584,11.9844,86,16.6197,
AKAZE,84.5744,1547,ORB,4.39379,MAT_BF,SEL_KNN,70.4695,601,13.1241,84,13.8246,
AKAZE,95.8752,1572,ORB,4.38172,MAT_BF,SEL_KNN,86.7631,586,13.0241,81,12.8005,
AKAZE,77.8821,1567,ORB,4.61677,MAT_BF,SEL_KNN,73.6555,593,11.1746,86,11.7789,
AKAZE,79.5531,1538,ORB,4.58937,MAT_BF,SEL_KNN,73.0649,549,12.8086,63,11.6465,
AKAZE,85.3811,1513,ORB,4.48479,MAT_BF,SEL_KNN,72.2489,573,8.95978,73,10.3302,
AKAZE,85.1758,1538,ORB,4.56764,MAT_BF,SEL_KNN,72.1078,576,9.96439,76,10.0211,
AKAZE,80.8199,1555,ORB,4.46328,MAT_BF,SEL_KNN,74.2395,599,9.59863,80,11.1124,
AKAZE,81.6418,1544,ORB,4.42968,MAT_BF,SEL_KNN,71.9582,621,8.52157,76,10.6645,
AKAZE,77.0415,1563,ORB,4.49093,MAT_BF,SEL_KNN,71.1055,610,9.51556,74,10.5882,
AKAZE,76.3392,1561,ORB,4.4921,MAT_BF,SEL_KNN,74.223,595,9.61238,64,9.26783,
AKAZE,76.0959,1569,ORB,4.59942,MAT_BF,SEL_KNN,73.359,652,8.3988,58,8.92363,
AKAZE,80.7386,1513,SIFT,110.23,
AKAZE,82.6545,1541,SIFT,112.928,MAT_BF,SEL_KNN,76.1773,1136,12.5156,101,12.3917,
AKAZE,78.7549,1529,SIFT,110.914,MAT_BF,SEL_KNN,76.4058,1150,12.6142,113,14.646,
AKAZE,78.297,1561,SIFT,113.3,MAT_BF,SEL_KNN,79.622,1166,14.091,120,13.2099,
AKAZE,79.3773,1545,SIFT,109.91,MAT_BF,SEL_KNN,76.6928,1147,16.6894,106,14.1141,
AKAZE,85.4994,1526,SIFT,112.748,MAT_BF,SEL_KNN,77.7045,1146,15.7466,105,16.5981,
AKAZE,80.1126,1566,SIFT,112.451,MAT_BF,SEL_KNN,78.5188,1138,12.7834,102,13.9616,
AKAZE,76.2608,1529,SIFT,113.393,MAT_BF,SEL_KNN,76.4098,1159,11.9844,121,15.4755,
AKAZE,78.1968,1547,SIFT,116.251,MAT_BF,SEL_KNN,78.8173,1169,13.1241,122,13.7666,
AKAZE,82.2558,1572,SIFT,116.34,MAT_BF,SEL_KNN,82.5095,1161,13.0241,120,14.0957,
AKAZE,82.9711,1567,SIFT,115.258,MAT_BF,SEL_KNN,79.2305,1209,11.1746,130,11.7553,
AKAZE,80.258,1538,SIFT,113.964,MAT_BF,SEL_KNN,80.633,1149,12.8086,118,12.2206,
AKAZE,80.1527,1513,SIFT,114.144,MAT_BF,SEL_KNN,78.5939,1134,8.95978,123,11.3559,
AKAZE,86.5232,1538,SIFT,115.454,MAT_BF,SEL_KNN,78.6006,1145,9.96439,122,10.8611,
AKAZE,81.3186,1555,SIFT,113.654,MAT_BF,SEL_KNN,79.399,1181,9.59863,123,10.4743,
AKAZE,78.464,1544,SIFT,113.32,MAT_BF,SEL_KNN,82.8779,1183,8.52157,117,9.94151,
AKAZE,77.7025,1563,SIFT,114.728,MAT_BF,SEL_KNN,81.6441,1221,9.51556,124,9.89604,
AKAZE,80.8709,1561,SIFT,113.021,MAT_BF,SEL_KNN,80.7399,1210,9.61238,116,9.02048,
AKAZE,79.9421,1569,SIFT,114.379,MAT_BF,SEL_KNN,82.0051,1215,8.3988,118,8.99147,
AKAZE,81.4706,1513,BRISK,16.2091,
AKAZE,79.3437,1541,BRISK,16.2535,MAT_BF,SEL_KNN,132.194,786,12.5156,77,12.9115,
AKAZE,77.3371,1529,BRISK,16.4472,MAT_BF,SEL_KNN,137.955,773,12.6142,84,13.7941,
AKAZE,75.3522,1561,BRISK,16.8252,MAT_BF,SEL_KNN,138.541,775,14.091,82,13.8888,
AKAZE,78.521,1545,BRISK,16.6446,MAT_BF,SEL_KNN,141.79,766,16.6894,88,14.6116,
AKAZE,80.0553,1526,BRISK,16.0896,MAT_BF,SEL_KNN,135.325,783,15.7466,81,14.7461,
AKAZE,79.1364,1566,BRISK,16.8408,MAT_BF,SEL_KNN,139.94,806,12.7834,83,14.8709,
AKAZE,77.2322,1529,BRISK,16.3817,MAT_BF,SEL_KNN,137.394,821,11.9844,96,16.3814,
AKAZE,79.5831,1547,BRISK,16.6608,MAT_BF,SEL_KNN,138.198,802,13.1241,102,14.1452,
AKAZE,86.1747,1572,BRISK,16.8008,MAT_BF,SEL_KNN,139.055,798,13.0241,95,14.5223,
AKAZE,78.9107,1567,BRISK,16.7277,MAT_BF,SEL_KNN,144.074,803,11.1746,102,11.9038,
AKAZE,80.4337,1538,BRISK,16.9469,MAT_BF,SEL_KNN,138.297,807,12.8086,89,12.6519,
AKAZE,79.8466,1513,BRISK,16.6395,MAT_BF,SEL_KNN,134.832,813,8.95978,99,10.7585,
AKAZE,83.1846,1538,BRISK,16.44,MAT_BF,SEL_KNN,137.031,841,9.96439,102,10.3211,
AKAZE,79.7081,1555,BRISK,16.3333,MAT_BF,SEL_KNN,138.705,877,9.59863,93,9.70358,
AKAZE,80.3898,1544,BRISK,16.0859,MAT_BF,SEL_KNN,140.607,877,8.52157,85,9.78819,
AKAZE,80.9861,1563,BRISK,16.4906,MAT_BF,SEL_KNN,142.242,867,9.51556,93,10.1785,
AKAZE,85.7552,1561,BRISK,17.0773,MAT_BF,SEL_KNN,143.758,921,9.61238,94,9.63517,
AKAZE,84.3979,1569,BRISK,16.5144,MAT_BF,SEL_KNN,142.82,917,8.3988,98,9.10764,
ORB,4.75162,467,FREAK,54.2371,
ORB,4.63973,467,FREAK,53.7624,MAT_BF,SEL_KNN,1.9564,105,12.5156,15,24.9194,
ORB,4.76347,467,FREAK,54.3191,MAT_BF,SEL_KNN,2.04426,111,12.6142,17,43.2969,
ORB,4.70405,467,FREAK,54.225,MAT_BF,SEL_KNN,2.0552,118,14.091,16,11.5009,
ORB,8.62519,467,FREAK,60.54,MAT_BF,SEL_KNN,2.1368,129,16.6894,18,12.0076,
ORB,4.74525,467,FREAK,52.7945,MAT_BF,SEL_KNN,2.23721,114,15.7466,14,-5475.9,
ORB,4.71696,467,FREAK,52.5576,MAT_BF,SEL_KNN,2.10305,130,12.7834,12,10.1261,
ORB,4.13529,467,FREAK,57.4514,MAT_BF,SEL_KNN,2.32317,126,11.9844,17,25.1486,
ORB,4.92226,467,FREAK,54.1915,MAT_BF,SEL_KNN,2.35359,128,13.1241,20,12.186,
ORB,4.88538,467,FREAK,53.4697,MAT_BF,SEL_KNN,2.22711,124,13.0241,17,12.9276,
ORB,4.7274,467,FREAK,52.8272,MAT_BF,SEL_KNN,2.35322,130,11.1746,18,13.3275,
ORB,4.81746,467,FREAK,53.6644,MAT_BF,SEL_KNN,2.40709,137,12.8086,15,21.3894,
ORB,4.51573,467,FREAK,50.2607,MAT_BF,SEL_KNN,2.3312,141,8.95978,18,14.7951,
ORB,4.5111,467,FREAK,50.1352,MAT_BF,SEL_KNN,2.18181,133,9.96439,24,19.4487,
ORB,4.40386,467,FREAK,50.6628,MAT_BF,SEL_KNN,2.18044,127,9.59863,20,11.3226,
ORB,4.80825,467,FREAK,52.4365,MAT_BF,SEL_KNN,2.21794,129,8.52157,13,11.1017,
ORB,4.56829,467,FREAK,50.3911,MAT_BF,SEL_KNN,2.448,131,9.51556,17,11.6227,
ORB,4.48624,467,FREAK,51.0158,MAT_BF,SEL_KNN,2.48151,121,9.61238,15,8.17007,
ORB,4.46518,467,FREAK,49.9224,MAT_BF,SEL_KNN,2.42987,130,8.3988,13,12.0044,
ORB,5.13526,467,BRIEF,2.72491,
ORB,4.72677,467,BRIEF,2.54716,MAT_BF,SEL_KNN,6.84034,248,12.5156,28,12.6008,
ORB,3.97288,467,BRIEF,2.93525,MAT_BF,SEL_KNN,6.40498,247,12.6142,27,-inf,
ORB,3.61413,467,BRIEF,2.87025,MAT_BF,SEL_KNN,6.60747,240,14.091,29,15.4956,
ORB,4.19743,467,BRIEF,2.8116,MAT_BF,SEL_KNN,6.50721,245,16.6894,32,15.3063,
ORB,4.31043,467,BRIEF,2.7172,MAT_BF,SEL_KNN,6.61562,245,15.7466,21,38.364,
ORB,4.54232,467,BRIEF,2.29193,MAT_BF,SEL_KNN,6.67981,263,12.7834,30,-inf,
ORB,6.87854,467,BRIEF,2.53564,MAT_BF,SEL_KNN,6.34733,238,11.9844,36,-inf,
ORB,3.68115,467,BRIEF,3.14235,MAT_BF,SEL_KNN,6.36696,244,13.1241,40,14.8982,
ORB,3.50857,467,BRIEF,2.61211,MAT_BF,SEL_KNN,6.46278,243,13.0241,40,-inf,
ORB,3.61622,467,BRIEF,3.03247,MAT_BF,SEL_KNN,6.96095,243,11.1746,37,13.2348,
ORB,4.78156,467,BRIEF,2.57063,MAT_BF,SEL_KNN,6.49837,233,12.8086,29,15.4101,
ORB,3.9274,467,BRIEF,2.87071,MAT_BF,SEL_KNN,6.70641,252,8.95978,31,14.0253,
ORB,4.32107,467,BRIEF,2.68213,MAT_BF,SEL_KNN,6.4665,234,9.96439,32,11.5035,
ORB,3.78715,467,BRIEF,3.2707,MAT_BF,SEL_KNN,6.64748,266,9.59863,36,11.5103,
ORB,4.59682,467,BRIEF,2.23335,MAT_BF,SEL_KNN,6.578,256,8.52157,29,13.3067,
ORB,3.60325,467,BRIEF,2.73633,MAT_BF,SEL_KNN,6.90054,244,9.51556,31,14.5832,
ORB,4.30059,467,BRIEF,2.54526,MAT_BF,SEL_KNN,6.74421,234,9.61238,25,7.72164,
ORB,4.58416,467,BRIEF,2.95264,MAT_BF,SEL_KNN,6.80887,234,8.3988,24,32.5091,
ORB,4.41536,467,ORB,2.89357,
ORB,4.83648,467,ORB,2.78564,MAT_BF,SEL_KNN,6.68636,210,12.5156,23,13.2461,
ORB,4.46739,467,ORB,4.02548,MAT_BF,SEL_KNN,6.79245,206,12.6142,22,-inf,
ORB,4.20605,467,ORB,3.28384,MAT_BF,SEL_KNN,6.83773,204,14.091,28,37.371,
ORB,4.50112,467,ORB,3.98977,MAT_BF,SEL_KNN,6.84959,209,16.6894,32,47.497,
ORB,4.34966,467,ORB,3.2639,MAT_BF,SEL_KNN,6.80552,213,15.7466,22,38.364,
ORB,4.38802,467,ORB,3.18463,MAT_BF,SEL_KNN,6.66355,222,12.7834,25,-inf,
ORB,4.41914,467,ORB,3.16387,MAT_BF,SEL_KNN,6.79679,211,11.9844,34,14.2882,
ORB,4.56686,467,ORB,2.85702,MAT_BF,SEL_KNN,6.84295,193,13.1241,31,1075.38,
ORB,5.17856,467,ORB,2.85662,MAT_BF,SEL_KNN,6.80663,208,13.0241,36,-inf,
ORB,4.82268,467,ORB,2.73377,MAT_BF,SEL_KNN,6.53412,210,11.1746,30,12.9162,
ORB,4.93575,467,ORB,2.66031,MAT_BF,SEL_KNN,6.71193,201,12.8086,20,-inf,
ORB,4.78392,467,ORB,2.55734,MAT_BF,SEL_KNN,6.66428,209,8.95978,31,13.0069,
ORB,4.73894,467,ORB,2.74845,MAT_BF,SEL_KNN,6.6597,208,9.96439,31,14.0032,
ORB,5.11951,467,ORB,2.76305,MAT_BF,SEL_KNN,6.71684,225,9.59863,36,10.9,
ORB,4.48901,467,ORB,3.9036,MAT_BF,SEL_KNN,6.77964,223,8.52157,27,21.503,
ORB,4.68142,467,ORB,3.8948,MAT_BF,SEL_KNN,6.73261,198,9.51556,26,12.0086,
ORB,4.57014,467,ORB,3.89221,MAT_BF,SEL_KNN,6.79671,215,9.61238,19,10.4972,
ORB,4.42414,467,ORB,3.25871,MAT_BF,SEL_KNN,6.90229,198,8.3988,24,11.9816,
ORB,4.51059,467,SIFT,553.008,
ORB,4.87162,467,SIFT,559.498,MAT_BF,SEL_KNN,7.36866,355,12.5156,38,16.3508,
ORB,4.71742,467,SIFT,561.146,MAT_BF,SEL_KNN,7.49904,362,12.6142,33,-inf,
ORB,4.65814,467,SIFT,562.857,MAT_BF,SEL_KNN,7.47212,357,14.091,45,17.9275,
ORB,4.41608,467,SIFT,559.83,MAT_BF,SEL_KNN,7.47879,356,16.6894,39,53.7513,
ORB,4.47352,467,SIFT,566.279,MAT_BF,SEL_KNN,7.43728,370,15.7466,37,52.5513,
ORB,4.15836,467,SIFT,564.825,MAT_BF,SEL_KNN,7.49404,376,12.7834,36,-inf,
ORB,4.94943,467,SIFT,567.183,MAT_BF,SEL_KNN,7.42404,378,11.9844,44,15.4507,
ORB,5.05417,467,SIFT,562.905,MAT_BF,SEL_KNN,7.35795,353,13.1241,42,14.9744,
ORB,5.67853,467,SIFT,568.476,MAT_BF,SEL_KNN,7.53028,355,13.0241,41,-inf,
ORB,5.0272,467,SIFT,562.498,MAT_BF,SEL_KNN,7.5707,363,11.1746,38,11.8304,
ORB,5.03678,467,SIFT,570.852,MAT_BF,SEL_KNN,7.4407,352,12.8086,28,87.0682,
ORB,4.45822,467,SIFT,561.505,MAT_BF,SEL_KNN,7.52855,354,8.95978,42,23.1088,
ORB,4.58631,467,SIFT,564.88,MAT_BF,SEL_KNN,7.52058,374,9.96439,37,11.9093,
ORB,4.5277,467,SIFT,585.379,MAT_BF,SEL_KNN,7.4436,382,9.59863,41,12.3488,
ORB,5.43642,467,SIFT,567.172,MAT_BF,SEL_KNN,7.49292,369,8.52157,34,22.3605,
ORB,5.06437,467,SIFT,564.588,MAT_BF,SEL_KNN,7.45649,352,9.51556,35,13.3941,
ORB,4.73197,467,SIFT,564.814,MAT_BF,SEL_KNN,7.35393,356,9.61238,31,7.46588,
ORB,4.65728,467,SIFT,568.461,MAT_BF,SEL_KNN,7.44438,357,8.3988,32,11.2262,
ORB,4.89875,467,BRISK,5.46659,
ORB,4.85408,467,BRISK,5.11584,MAT_BF,SEL_KNN,7.2624,238,12.5156,24,10.3483,
ORB,4.39987,467,BRISK,5.1705,MAT_BF,SEL_KNN,7.20069,234,12.6142,24,-33.5293,
ORB,4.70677,467,BRISK,5.379,MAT_BF,SEL_KNN,7.25944,238,14.091,28,10.836,
ORB,4.93116,467,BRISK,5.32639,MAT_BF,SEL_KNN,7.3214,239,16.6894,30,28.3101,
ORB,5.08571,467,BRISK,5.14691,MAT_BF,SEL_KNN,7.25033,259,15.7466,28,37.6118,
ORB,4.90552,467,BRISK,5.18643,MAT_BF,SEL_KNN,7.65766,257,12.7834,26,13.7065,
ORB,4.48739,467,BRISK,5.79794,MAT_BF,SEL_KNN,7.76976,241,11.9844,27,-inf,
ORB,4.3764,467,BRISK,6.28309,MAT_BF,SEL_KNN,8.20303,256,13.1241,32,12.3351,
ORB,4.56749,467,BRISK,5.36887,MAT_BF,SEL_KNN,7.63646,254,13.0241,31,12.2131,
ORB,4.69602,467,BRISK,5.10241,MAT_BF,SEL_KNN,7.54537,247,11.1746,35,13.3722,
ORB,3.8116,467,BRISK,5.00834,MAT_BF,SEL_KNN,7.34428,246,12.8086,25,13.7238,
ORB,4.51802,467,BRISK,5.06807,MAT_BF,SEL_KNN,7.7619,252,8.95978,24,12.3981,
ORB,4.72086,467,BRISK,5.09176,MAT_BF,SEL_KNN,7.21624,252,9.96439,23,13.4537,
ORB,4.68283,467,BRISK,4.86111,MAT_BF,SEL_KNN,6.8209,247,9.59863,26,13.8753,
ORB,4.90768,467,BRISK,5.15812,MAT_BF,SEL_KNN,7.04917,232,8.52157,21,12.4904,
ORB,3.94467,467,BRISK,5.04681,MAT_BF,SEL_KNN,6.9798,225,9.51556,25,13.2533,
ORB,4.59209,467,BRISK,5.06338,MAT_BF,SEL_KNN,7.4611,239,9.61238,22,12.807,
ORB,4.55118,467,BRISK,5.17435,MAT_BF,SEL_KNN,7.59558,250,8.3988,20,11.5658,
